RPI,Team,Record,SOS,NC_Rec,NC_RPI,NC_SOS,H,R,N,Q1,Q2,Q3,Q4
1,Purdue,21-2,2,11-0,1,1,11-0,5-2,5-0,6-2,8-0,4-0,3-0
2,San Diego State,15-5,5,9-2,2,4,9-0,3-5,3-0,2-5,5-0,6-0,2-0
3,Houston,19-3,19,13-0,7,87,12-0,3-3,4-0,5-3,2-0,5-0,7-0
4,Tennessee,16-5,1,10-3,8,5,10-1,4-2,2-2,8-5,2-0,2-0,4-0
5,Dayton,18-3,24,10-2,6,12,11-0,4-2,3-1,1-3,4-0,9-0,4-0
6,Utah State,17-3,34,10-1,4,41,8-0,5-3,4-0,2-3,4-0,4-0,7-0
7,Kansas,17-4,15,11-1,9,43,12-0,2-3,3-1,4-2,5-1,2-1,6-0
8,Connecticut,20-2,79,10-1,21,151,12-0,4-2,4-0,4-2,8-0,1-0,7-0
9,North Carolina,18-4,26,8-3,45,53,10-0,5-1,3-3,4-2,7-2,2-0,5-0
10,Wisconsin,16-6,6,8-3,26,23,11-2,3-4,2-0,3-5,4-0,4-1,5-0
11,Arizona,16-5,10,9-2,5,3,11-0,3-3,2-2,5-3,2-1,5-1,4-0
12,Alabama,16-6,4,8-5,40,6,11-1,3-2,2-3,5-5,2-1,3-0,6-0
13,Colorado State,15-5,11,10-1,10,33,9-1,3-4,3-0,3-3,4-2,5-0,3-0
14,New Mexico,17-4,37,11-1,12,79,10-1,3-3,4-0,2-3,3-1,5-0,7-0
15,Auburn,18-4,55,11-2,25,110,11-0,3-3,4-1,2-4,5-0,5-0,6-0
16,Indiana State,19-3,100,8-2,73,280,9-0,6-3,4-0,3-3,2-0,6-0,8-0
17,Marquette,17-5,36,9-2,11,17,10-1,5-3,2-1,3-4,4-1,3-0,7-0
18,Mississippi,18-4,57,13-0,13,153,13-1,3-3,2-0,2-3,3-1,8-0,5-0
19,Illinois,16-5,28,9-2,29,59,11-2,3-3,2-0,1-4,4-0,6-1,5-0
20,Florida Atlantic,18-4,65,10-3,22,25,9-1,3-2,6-1,1-2,5-0,6-1,6-1
21,Syracuse,13-8,3,8-2,14,13,10-1,2-5,1-2,0-5,3-3,8-0,2-0
22,Baylor,15-5,30,10-2,33,92,10-1,2-2,3-2,2-3,6-2,2-0,5-0
23,Princeton,14-3,125,10-1,15,119,5-0,8-3,1-0,1-2,1-1,7-0,5-0
24,Grand Canyon,20-2,153,9-1,16,68,11-0,7-1,2-1,1-1,1-1,8-0,10-0
25,South Carolina,19-3,121,12-1,47,287,11-1,5-2,3-0,3-2,4-1,3-0,9-0
26,Clemson,14-7,9,10-1,3,14,8-3,3-4,3-0,4-4,3-2,2-1,5-0
27,Boise State,14-6,13,7-4,59,31,8-2,4-1,2-3,5-3,1-2,4-1,4-0
28,Drake,17-5,90,8-2,37,118,11-0,3-4,3-1,2-1,2-3,5-1,8-0
29,Bradley,16-6,47,7-3,20,7,9-2,5-3,2-1,1-3,2-1,8-1,5-1
30,Florida,15-7,31,10-3,39,89,9-1,2-4,4-2,1-6,4-1,5-0,5-0
31,Utah,15-7,35,9-2,24,63,12-0,1-5,2-2,1-3,5-4,3-0,6-0
32,Virginia,17-5,104,9-2,38,125,12-0,3-4,2-1,3-3,3-1,3-1,8-0
33,Colorado,15-7,45,9-2,27,78,12-0,1-6,2-1,0-4,5-2,3-1,7-0
34,Nebraska,16-6,52,10-1,66,248,14-1,1-5,1-0,2-1,4-4,4-1,6-0
35,Creighton,16-6,59,9-2,19,56,10-2,5-3,1-1,3-3,4-2,3-1,6-0
36,Duke,16-5,81,9-2,52,130,10-2,4-3,2-0,5-2,2-2,3-1,6-0
37,Iowa State,16-5,86,11-2,102,289,13-0,2-3,1-2,3-3,1-2,3-0,9-0
38,Mississippi State,14-8,23,11-2,32,116,8-2,0-6,6-0,4-6,0-1,4-0,6-1
39,Texas Tech,16-5,83,11-2,70,259,11-1,2-3,3-1,2-3,1-2,4-0,9-0
40,Northwestern,15-7,48,9-2,137,309,11-1,2-5,2-1,3-5,1-0,5-1,6-1
41,Brigham Young,16-5,76,12-1,34,249,11-2,2-3,3-0,1-4,4-1,4-0,7-0
42,Samford,18-3,197,9-2,60,247,12-0,6-3,0-0,0-1,1-1,8-1,9-0
43,Saint Mary's (CA),17-6,51,8-6,89,18,10-3,6-0,1-3,2-2,4-2,4-2,7-0
44,Cornell,15-3,205,9-3,50,217,5-0,8-3,2-0,1-3,0-0,6-0,8-0
45,Kentucky,15-6,41,10-2,46,126,10-3,3-2,2-1,2-5,3-1,2-0,8-0
46,Yale,13-6,96,7-6,55,48,4-1,7-4,2-1,1-2,2-1,4-2,6-1
47,Nevada,16-5,107,12-1,23,172,10-1,3-3,3-1,1-4,2-1,5-0,8-0
48,Washington State,16-6,80,9-2,78,204,11-1,3-3,2-2,2-3,4-1,4-2,6-0
49,Michigan State,14-8,14,8-3,54,35,12-2,1-4,1-2,2-7,2-0,6-1,4-0
50,UNC Wilmington,13-6,124,6-3,56,164,4-0,8-5,1-1,1-0,2-4,5-2,5-0
51,UC Irvine,16-6,140,6-5,68,85,8-0,5-6,3-0,0-4,0-0,7-1,9-1
52,Texas,15-7,42,11-2,43,175,10-3,3-3,2-1,4-4,0-1,3-2,8-0
53,Oklahoma,16-6,74,12-1,41,243,11-2,2-3,3-1,1-3,4-3,3-0,8-0
54,Cincinnati,15-7,53,11-2,57,203,12-2,3-4,0-1,2-4,1-2,6-1,6-0
55,Wake Forest,14-7,61,8-3,107,191,12-0,1-5,1-2,2-4,3-2,3-1,6-0
56,Memphis,16-6,102,11-2,18,76,9-2,5-3,2-1,2-1,2-2,6-2,6-1
57,Oregon,15-7,70,8-3,69,101,10-1,4-3,1-3,1-5,2-0,6-2,6-0
58,Georgia,14-8,22,10-3,53,75,11-3,3-2,0-3,2-5,1-3,5-0,6-0
59,Richmond,16-6,122,8-5,213,305,11-0,4-4,1-2,2-2,5-3,3-1,6-0
60,Louisiana Tech,13-6,128,7-5,49,54,8-0,5-6,0-0,0-3,0-2,4-1,9-0
61,Duquesne,12-8,20,9-3,28,34,8-3,2-4,2-1,1-3,1-4,4-1,6-0
62,Virginia Tech,13-9,16,8-3,31,27,10-2,1-5,2-2,3-6,2-2,3-1,5-0
63,St. John's (NY),13-9,17,8-3,80,114,9-3,2-4,2-2,1-7,4-1,4-1,4-0
64,Butler,14-7,75,8-2,48,148,9-2,3-4,2-1,3-6,1-1,3-0,7-0
65,Texas A&M,13-8,39,9-4,63,72,8-3,3-3,2-2,2-5,4-2,1-1,6-0
66,Akron,15-5,156,6-4,65,50,8-0,6-2,1-3,1-2,0-2,4-1,10-0
67,Xavier,12-10,8,6-5,95,11,9-4,2-5,1-1,2-6,4-2,1-2,5-0
68,Providence,14-7,63,9-2,44,144,11-2,2-4,1-1,3-4,2-3,1-0,8-0
69,Charlotte,13-7,77,5-6,166,74,9-1,3-4,1-2,1-2,1-2,5-3,6-0
70,Vermont,16-5,172,8-5,86,135,8-1,6-3,2-1,0-2,3-0,5-3,8-0
71,Appalachian State,17-4,244,7-3,72,174,8-0,6-3,3-1,2-0,1-0,2-3,12-1
72,George Mason,14-7,99,10-2,35,156,10-1,3-5,1-1,0-2,2-3,5-2,7-0
73,TCU,16-6,117,11-2,142,344,10-2,4-2,2-2,2-4,2-2,4-0,8-0
74,Florida State,12-9,21,6-5,119,29,7-5,3-3,2-1,2-4,4-2,2-1,4-2
75,Seton Hall,14-8,58,7-4,165,198,9-3,4-3,1-2,4-3,1-3,3-2,6-0
76,UAB,13-7,72,7-5,138,121,8-3,4-3,1-1,1-4,2-0,5-1,5-2
77,Gonzaga,15-6,111,8-4,76,64,9-2,3-2,3-2,1-3,1-3,4-0,9-0
78,McNeese State,15-3,292,7-2,17,58,7-0,7-3,1-0,0-1,2-1,3-0,10-1
79,Indiana,13-9,27,8-3,74,62,11-3,1-4,1-2,0-7,0-1,8-1,5-0
80,Oakland,15-9,112,5-6,58,15,7-2,6-6,2-1,1-4,1-1,2-3,11-1
81,Central Florida,13-8,38,9-3,121,192,10-4,1-4,2-0,2-4,2-3,1-1,8-0
82,UNC Greensboro,15-6,184,7-4,101,235,7-1,5-5,3-0,0-2,2-1,5-1,8-2
83,Massachusetts,14-7,93,9-3,92,178,10-2,1-4,3-1,0-1,2-2,6-4,6-0
84,High Point,18-4,275,9-4,122,255,11-0,5-3,2-1,0-1,0-0,8-2,10-1
85,South Florida,15-5,165,7-4,159,176,10-2,4-3,1-0,1-0,2-3,3-0,9-2
86,Boston College,13-8,71,9-2,42,143,8-3,4-3,1-2,1-5,3-2,2-1,7-0
87,Miami (FL),15-7,110,9-2,67,205,11-2,2-4,2-1,2-4,3-2,3-0,7-1
88,St. Bonaventure,13-8,85,9-3,106,214,8-2,3-4,2-2,0-6,2-0,4-0,7-2
89,NC State,15-7,109,8-3,160,298,11-2,3-3,1-2,0-6,3-1,3-0,9-0
90,Iowa,13-9,56,8-3,84,188,9-3,2-5,2-1,0-5,2-2,4-2,7-0
91,Morehead State,14-5,271,5-4,62,98,6-0,8-5,0-0,0-2,0-1,2-1,12-1
92,Loyola (IL),14-7,108,7-5,168,170,10-2,3-3,1-2,0-2,3-3,5-1,6-1
93,Kansas State,14-8,82,10-3,116,207,11-2,2-4,1-2,1-3,2-3,3-2,8-0
94,Villanova,11-10,32,7-4,51,30,6-4,2-5,3-1,3-5,2-2,2-2,4-1
95,Washington,12-10,29,8-3,36,26,9-4,2-4,1-2,0-4,3-5,5-1,4-0
96,Nevada-Las Vegas,10-9,25,5-5,134,36,7-4,3-2,0-3,2-4,2-2,3-0,3-3
97,Ohio State,13-9,62,10-1,30,131,9-3,0-6,4-0,1-4,0-3,7-2,5-0
98,Eastern Washington,12-8,188,4-7,143,149,5-0,7-8,0-0,0-4,1-2,2-1,9-1
99,Virginia Commonwealth,14-8,64,8-5,145,84,10-5,3-1,1-2,1-2,3-2,4-3,6-1
100,Saint Joseph's,15-7,157,10-3,118,270,10-2,3-5,2-0,1-1,4-2,2-3,8-1
101,Toledo,14-8,120,6-6,120,39,9-2,5-3,0-3,0-3,1-3,5-2,8-0
102,College of Charleston,15-7,170,8-4,87,137,7-2,7-2,1-3,0-2,1-3,6-2,8-0
103,Arkansas,11-11,18,9-4,79,55,9-4,1-4,1-3,0-6,3-4,3-1,5-0
104,San Francisco,17-6,227,10-4,108,228,11-1,4-3,2-2,0-3,0-3,3-0,14-0
105,Southern Methodist,13-7,133,8-4,127,171,9-2,3-4,1-1,1-3,1-3,4-1,7-0
106,Wyoming,10-10,73,5-6,193,187,6-1,1-8,3-1,1-5,1-1,2-3,6-1
107,Northern Iowa,11-11,67,5-5,109,65,6-3,4-6,1-2,0-5,3-3,3-2,5-1
108,Louisiana,13-8,167,5-5,85,66,7-1,4-6,2-1,0-2,0-2,4-4,9-0
109,James Madison,19-3,336,11-0,88,357,10-1,7-2,2-0,1-1,1-1,2-1,15-0
110,Missouri State,14-9,136,8-3,124,313,7-3,4-6,3-0,2-3,0-0,6-3,6-3
111,UNC Asheville,12-9,132,5-7,153,67,6-1,3-6,3-2,0-1,1-4,3-3,8-1
112,Pittsburgh,14-8,114,9-2,132,300,9-5,4-2,1-1,1-5,2-2,2-0,9-1
113,Georgia Tech,10-12,33,7-4,90,109,6-5,2-6,2-1,2-6,3-2,2-3,3-1
114,Maryland,13-9,116,8-3,190,339,10-2,3-5,0-2,1-3,2-4,3-2,7-0
115,Tarleton State,12-7,193,4-4,111,128,5-2,5-5,2-0,0-4,0-0,2-1,10-2
116,Louisiana State,12-9,78,8-5,172,185,9-3,1-4,2-2,2-5,1-2,2-1,7-1
117,Quinnipiac,17-4,326,7-3,150,307,9-1,8-3,0-0,0-1,0-2,1-1,16-0
118,Rutgers,11-10,66,8-3,117,213,9-3,2-5,0-2,1-7,1-2,3-1,6-0
119,Arizona State,11-11,54,6-5,91,21,8-3,2-4,1-4,0-4,3-2,6-4,2-1
120,Davidson,10-9,89,8-3,61,147,5-4,3-4,2-1,1-3,0-2,4-4,5-0
121,Belmont,11-11,101,6-4,104,182,7-2,3-8,1-1,1-5,1-1,0-5,9-0
122,Western Carolina,13-7,229,8-2,64,272,5-3,8-4,0-0,0-0,0-2,5-5,8-0
123,Hofstra,12-10,126,6-6,75,46,7-2,2-8,3-0,0-3,1-1,6-5,5-1
124,Santa Clara,14-9,142,8-6,133,122,7-4,4-3,3-2,1-3,3-3,2-1,8-2
125,Towson,13-9,161,6-6,202,219,9-0,4-4,0-5,0-2,2-2,3-4,8-1
126,New Hampshire,12-8,201,7-5,94,180,5-3,7-5,0-0,0-3,0-0,4-3,8-2
127,Youngstown State,13-7,276,4-3,114,218,7-1,6-6,0-0,0-1,0-2,3-4,10-0
128,Montana,12-8,182,6-4,82,115,6-3,6-5,0-0,0-3,0-0,2-3,10-2
129,Drexel,14-8,261,6-6,175,244,8-1,5-7,1-0,0-1,2-2,3-3,9-2
130,Bryant,12-9,226,6-7,151,190,4-2,7-7,1-0,1-3,1-2,3-2,7-2
131,Stanford,11-9,106,5-5,240,179,8-3,3-3,0-3,1-1,2-1,4-7,4-0
132,North Texas,10-9,94,5-5,205,167,7-2,2-3,1-4,0-4,0-1,6-4,4-0
133,Seattle,12-9,137,6-4,144,142,10-2,2-7,0-0,1-1,1-2,3-4,7-2
134,Sam Houston,11-10,151,5-8,195,163,6-2,4-8,1-0,0-3,1-2,2-2,8-3
135,UC San Diego,13-8,242,4-6,274,288,8-1,5-6,0-1,0-2,0-2,4-2,9-2
136,Colgate,14-8,238,5-7,96,22,7-2,5-5,2-1,1-5,0-0,2-2,11-1
137,Michigan,7-15,7,5-6,97,8,4-7,2-5,1-3,1-6,1-2,4-7,1-0
138,Evansville,13-9,199,8-2,83,304,8-2,4-7,1-0,0-5,0-2,2-1,11-1
139,Troy,12-8,213,3-6,227,82,9-1,3-7,0-0,0-2,1-0,1-5,10-1
140,Harvard,10-8,131,8-4,99,195,6-4,4-4,0-0,0-1,1-5,2-0,7-2
141,Liberty,11-9,150,8-4,71,90,5-2,2-5,4-2,0-4,2-0,5-3,4-2
142,Minnesota,14-7,176,9-2,223,354,12-3,2-3,0-1,0-2,2-2,3-2,9-1
143,Chattanooga,13-8,232,6-5,229,324,7-3,6-5,0-0,0-2,1-2,3-4,9-0
144,George Washington,13-7,194,10-2,149,345,10-2,1-4,2-1,0-3,2-1,4-0,7-3
145,Monmouth,12-11,144,7-6,141,181,9-1,1-10,2-0,0-6,0-2,5-2,7-1
146,Wofford,10-10,141,4-6,163,162,6-1,4-6,0-3,0-3,0-2,4-4,6-1
147,Stetson,11-10,210,5-7,131,102,5-1,4-9,2-0,0-3,2-1,1-0,8-6
148,Weber State,11-9,183,6-4,81,132,5-2,5-5,1-2,2-1,1-1,4-5,4-2
149,Massachusetts-Lowell,12-6,290,6-4,173,329,4-3,8-3,0-0,0-0,2-3,3-2,7-1
150,Tulane,11-9,123,8-3,136,239,8-3,2-4,1-2,0-3,1-5,4-0,6-1
151,Penn State,11-11,87,6-5,267,264,9-3,2-4,0-4,1-2,2-6,3-2,5-1
152,Southern California,9-13,44,6-5,98,42,6-5,1-6,2-2,0-4,2-6,3-3,4-0
153,Wright State,11-11,154,3-6,179,49,4-4,5-6,2-1,0-1,0-3,5-5,6-2
154,Rhode Island,9-12,46,5-7,217,71,8-4,1-5,0-3,0-5,2-3,2-2,5-2
155,Delaware,13-9,236,7-5,147,223,5-3,6-4,2-2,1-2,0-3,2-3,10-1
156,Furman,10-10,162,4-6,226,200,7-1,3-7,0-2,0-1,1-3,2-6,7-0
157,Long Beach State,12-9,265,6-4,140,284,4-2,7-5,1-2,0-1,0-2,5-3,7-3
158,Portland State,11-8,280,6-4,129,275,5-1,5-6,1-1,0-1,0-1,5-3,6-3
159,UCLA,10-11,105,4-6,289,211,7-4,3-4,0-3,0-4,2-3,3-2,5-2
160,Cal State Fullerton,9-11,135,5-5,93,94,3-4,5-6,1-1,0-5,0-1,3-3,6-2
161,Southern Illinois,14-8,230,7-3,214,319,9-4,4-3,1-1,0-3,0-1,3-3,11-1
162,UT Arlington,9-11,127,3-6,203,81,6-2,2-9,1-0,0-6,0-2,1-1,8-2
163,California,9-13,50,4-7,257,103,7-5,2-4,0-4,0-6,3-0,4-4,2-3
164,Gardner-Webb,8-12,91,2-10,221,19,5-2,2-7,1-3,0-3,0-4,5-3,3-2
165,Oregon State,10-11,84,7-3,105,105,10-2,0-6,0-3,1-5,1-1,3-5,5-0
166,West Virginia,8-14,12,5-8,238,60,8-6,0-4,0-4,1-3,2-5,3-5,2-1
167,Central Michigan,12-9,263,4-7,248,232,6-2,5-6,1-1,0-3,1-2,2-2,9-2
168,Lipscomb,12-10,262,7-6,113,152,6-1,4-8,2-1,1-1,0-3,3-5,8-1
169,Southern,9-9,269,3-7,110,32,5-0,4-9,0-0,1-4,1-0,0-2,7-3
170,Stephen F. Austin,11-9,198,5-4,161,208,5-4,4-4,2-1,1-2,0-3,1-1,9-3
171,Western Kentucky,12-7,297,8-3,123,295,7-1,4-4,1-2,0-0,0-1,5-5,7-1
172,UC Davis,12-8,254,3-6,313,308,6-4,5-4,1-0,0-2,1-1,2-3,9-2
173,Northern Colorado,11-9,245,5-6,192,231,6-2,4-6,1-1,0-2,1-1,2-3,8-3
174,Winthrop,11-10,225,6-6,169,209,6-3,5-7,0-0,0-5,0-1,0-4,11-0
175,Fairfield,12-9,273,5-5,164,224,5-3,7-5,0-1,1-0,0-2,1-4,10-3
176,Merrimack,11-10,259,4-8,185,113,6-1,4-8,1-1,0-4,0-1,2-2,9-3
177,Wichita State,8-13,69,7-5,112,95,6-3,1-7,1-3,0-3,1-3,2-4,5-3
178,San Diego,11-11,143,8-5,171,236,7-5,3-5,1-1,0-1,1-5,2-2,8-3
179,Southern Mississippi,10-11,212,4-6,156,106,5-1,5-7,0-3,0-2,1-1,3-5,6-3
180,East Tennessee State,10-11,185,6-5,126,212,5-3,4-8,1-0,0-3,0-2,2-5,8-1
181,Iona,11-10,171,5-6,180,120,7-3,3-4,1-3,0-1,0-4,3-3,8-2
182,Green Bay,13-9,305,3-6,245,233,8-1,5-7,0-1,0-2,0-1,3-2,10-4
183,Stony Brook,11-11,177,6-6,201,238,8-3,3-8,0-0,0-5,1-2,3-3,7-1
184,Cleveland State,13-10,283,6-4,130,216,10-1,3-9,0-0,1-2,0-2,1-5,11-1
185,UC Santa Barbara,11-8,266,5-3,157,254,5-4,5-4,1-0,0-1,0-0,4-5,7-2
186,Western Illinois,11-8,322,3-6,234,240,3-2,8-6,0-0,0-2,0-2,2-0,9-4
187,Rice,8-13,95,5-7,200,93,4-6,4-4,0-3,1-5,0-3,0-3,7-2
188,Utah Valley,7-13,88,3-6,128,20,5-2,1-10,1-1,0-6,1-1,3-4,3-2
189,Tennessee-Martin,10-9,281,3-6,183,160,4-2,6-6,0-1,0-1,0-3,1-2,9-3
190,Eastern Kentucky,9-10,174,1-9,279,37,6-3,3-7,0-0,0-2,0-2,1-2,8-4
191,Saint Louis,7-14,40,6-6,146,69,6-5,0-7,1-2,0-4,1-4,3-5,3-1
192,Missouri,8-14,68,8-5,154,173,6-6,2-6,0-2,0-8,1-3,1-1,6-2
193,Bowling Green State,13-7,311,7-3,241,353,7-3,4-3,2-1,0-1,0-2,2-1,11-3
194,Columbia,8-8,241,6-4,220,335,5-2,3-6,0-0,0-4,0-1,0-2,8-1
195,Kent State,9-11,159,5-5,135,86,3-6,4-4,2-1,0-2,0-1,3-5,6-3
196,Oklahoma State,10-12,97,8-5,250,301,9-5,0-5,1-2,0-5,0-4,3-2,7-1
197,Illinois State,10-12,149,5-5,246,242,6-5,3-5,1-2,0-4,1-2,3-3,6-3
198,Notre Dame,7-15,49,5-6,242,155,5-8,1-6,1-1,0-4,2-5,1-4,4-2
199,Miami (OH),9-11,223,4-6,239,229,5-3,4-8,0-0,0-0,2-4,2-4,5-3
200,Fordham,10-12,148,6-7,275,253,4-8,4-2,2-2,0-2,1-2,4-4,5-4
201,La Salle,10-11,181,8-4,228,346,6-5,3-6,1-0,0-2,0-4,3-3,7-2
202,Norfolk State,11-8,341,6-7,215,286,5-0,4-6,2-2,0-1,1-1,1-5,9-1
203,Radford,11-11,268,8-5,100,222,5-3,3-8,3-0,0-2,0-3,3-2,8-4
204,South Dakota State,9-11,180,4-8,204,83,4-3,3-4,2-4,0-0,0-4,4-3,5-4
205,Fresno State,8-13,98,6-6,222,220,6-5,1-6,1-2,0-5,0-4,1-3,7-1
206,Purdue Fort Wayne,13-8,323,7-2,152,356,7-3,4-5,2-0,0-0,1-3,2-2,10-3
207,St. Thomas,12-9,327,7-5,178,318,5-2,6-6,1-1,0-1,0-0,3-3,9-5
208,Murray State,8-14,119,2-8,335,201,4-7,4-5,0-2,1-4,2-1,1-4,4-5
209,Northern Arizona,10-13,243,7-7,148,225,5-2,4-10,1-1,0-2,1-3,1-4,8-4
210,Maine,10-12,256,7-7,182,278,4-3,4-9,2-0,0-2,1-1,1-5,8-4
211,New Mexico State,7-12,103,2-9,255,38,7-1,0-9,0-2,0-5,0-1,1-3,6-3
212,Northern Kentucky,9-12,189,3-6,219,140,6-3,3-9,0-0,0-2,0-4,2-4,7-2
213,Saint Peter's,10-9,310,3-5,237,266,4-3,6-6,0-0,0-2,0-1,1-2,9-4
214,Tulsa,11-9,253,8-3,212,347,10-2,1-6,0-1,0-2,0-2,3-4,8-1
215,Albany (NY),10-12,255,7-7,184,277,5-3,5-8,0-1,0-2,1-4,1-4,8-2
216,Loyola Marymount,9-12,134,6-7,232,177,6-5,2-4,1-3,0-3,1-5,0-4,8-0
217,California Baptist,11-8,295,5-4,249,297,7-4,4-4,0-0,0-1,0-1,2-4,9-2
218,Nicholls State,8-10,287,2-8,189,61,3-1,5-7,0-2,0-3,1-2,0-2,7-3
219,Milwaukee,9-11,231,3-6,230,145,5-3,3-7,1-1,0-2,0-1,4-6,5-2
220,Cal State Northridge,12-9,328,7-3,216,359,6-3,6-6,0-0,0-1,0-2,3-2,9-4
221,Texas A&M-Corpus Christi,10-8,337,3-6,261,262,4-2,6-5,0-1,0-3,0-0,1-2,9-3
222,Binghamton,8-11,237,6-5,194,316,5-2,3-9,0-0,0-2,0-5,1-3,7-1
223,Texas State,7-14,146,4-6,103,57,3-4,4-8,0-2,0-3,1-3,2-2,4-6
224,Alabama State,7-11,234,2-8,155,9,1-3,3-8,3-0,0-4,0-3,1-2,6-2
225,Marshall,11-12,202,4-8,186,47,7-5,3-4,1-3,0-2,0-5,4-0,7-5
226,Oral Roberts,8-11,211,3-7,210,99,6-2,2-9,0-0,0-2,0-2,0-4,8-3
227,East Carolina,10-12,147,6-6,293,267,8-7,2-4,0-1,0-5,1-1,1-3,8-3
228,North Carolina Central,9-8,339,4-7,233,263,4-1,5-6,0-1,0-3,0-0,0-2,9-3
229,Canisius,7-13,139,4-5,77,40,4-3,1-9,2-1,0-1,1-3,3-4,3-5
230,Hawaii,10-11,195,6-4,209,199,6-6,2-4,2-1,0-2,0-4,2-4,8-1
231,Austin Peay,8-13,214,4-8,181,80,5-1,2-11,1-1,0-3,0-0,1-7,7-3
232,Central Connecticut State,11-9,343,4-7,247,268,4-3,7-6,0-0,0-0,0-3,2-3,9-3
233,Longwood,11-10,318,9-3,115,317,7-2,4-8,0-0,0-1,0-3,1-2,10-4
234,North Florida,10-11,293,4-8,284,257,7-2,3-9,0-0,0-2,0-3,0-4,10-2
235,Georgetown,8-13,118,7-4,251,310,7-7,1-6,0-0,0-7,0-5,1-0,7-1
236,Texas Southern,7-12,233,1-9,218,10,3-2,3-9,1-1,0-5,0-2,0-2,7-3
237,North Dakota,11-10,335,5-7,285,341,4-3,5-7,2-0,0-1,0-1,1-3,10-5
238,UTEP,9-11,178,6-6,208,158,8-3,0-7,1-1,0-3,0-1,2-4,7-3
239,Northeastern,8-15,175,5-8,187,161,4-4,3-10,1-1,0-3,0-3,4-5,4-4
240,Ohio,11-10,274,5-6,276,281,8-3,1-5,2-2,0-1,0-0,3-7,8-2
241,North Dakota State,7-13,217,4-8,196,127,3-3,4-9,0-1,0-2,1-1,1-6,5-4
242,Louisville,7-15,92,5-6,337,330,6-7,1-6,0-2,0-5,2-5,0-3,5-2
243,San Jose State,7-14,129,6-6,258,303,4-5,1-8,2-1,0-6,1-2,1-3,5-3
244,Northern Illinois,5-14,113,4-6,125,51,2-6,2-8,1-0,0-3,1-2,0-5,4-4
245,South Alabama,8-12,250,5-4,224,321,4-4,4-8,0-0,0-1,0-4,2-3,6-4
246,Temple,7-13,155,6-6,191,197,3-5,2-5,2-3,0-2,1-5,0-2,6-4
247,Vanderbilt,6-15,60,5-8,292,193,6-7,0-5,0-3,0-8,0-2,1-4,5-1
248,Pennsylvania,7-12,164,6-7,198,157,6-2,1-8,0-2,0-5,0-1,2-3,5-3
249,SIU Edwardsville,10-10,302,4-6,206,206,7-2,1-8,2-0,0-2,0-0,1-2,9-6
250,Tennessee State,9-10,312,3-6,253,261,5-2,3-7,1-1,0-2,0-1,1-3,8-4
251,Jackson State,8-13,303,4-9,167,141,2-1,4-11,2-1,0-3,0-1,2-5,6-4
252,Chicago State,9-16,240,9-16,254,251,3-5,5-10,1-1,1-2,0-2,2-6,6-6
253,Queens (NC),8-14,168,4-9,176,44,7-2,0-12,1-0,0-3,0-2,2-5,6-4
254,Air Force,8-13,200,7-5,283,352,4-7,4-5,0-1,0-5,1-0,0-6,7-2
255,Mercer,8-12,251,5-5,207,245,4-4,3-7,1-1,0-3,1-1,0-4,7-4
256,Denver,9-11,319,5-6,199,274,4-2,4-8,1-1,0-2,0-1,0-3,9-5
257,Southern Utah,7-13,196,3-6,252,210,4-4,2-9,1-0,0-4,1-1,0-3,6-5
258,Montana State,9-11,264,3-7,302,252,6-5,3-6,0-0,0-0,0-2,2-6,7-3
259,Grambling,6-12,208,0-10,281,16,3-2,2-8,1-2,0-6,0-0,0-2,6-4
260,Arkansas State,10-13,286,4-8,243,184,7-2,2-10,1-1,0-2,0-3,2-4,8-4
261,Ball State,10-10,313,6-4,225,336,6-4,4-5,0-1,0-1,0-2,0-3,10-4
262,Southeastern Louisiana,6-13,219,2-8,260,117,3-2,3-9,0-2,0-3,0-3,2-2,4-5
263,Utah Tech,7-14,215,3-7,263,234,4-4,3-10,0-0,0-3,0-4,1-2,6-5
264,Jacksonville State,8-12,291,5-7,277,327,3-4,4-8,1-0,0-1,1-1,2-4,5-6
265,Niagara,10-10,332,3-6,328,349,3-6,7-4,0-0,0-1,0-0,2-5,8-4
266,Portland,7-15,166,4-9,268,159,5-4,2-8,0-3,0-3,0-3,3-4,4-5
267,Rider,7-14,247,2-8,265,133,4-3,3-11,0-0,0-3,0-2,2-4,5-5
268,Kennesaw State,10-10,342,6-5,177,315,5-3,3-7,2-0,0-1,0-2,2-2,8-5
269,Illinois-Chicago,7-15,173,6-4,139,183,3-7,2-7,2-1,0-3,1-3,1-3,5-6
270,Manhattan,4-15,138,2-6,188,70,1-6,3-9,0-0,0-2,1-1,1-5,2-7
271,Abilene Christian,7-13,191,4-6,235,215,4-5,1-7,2-1,0-1,0-3,2-5,5-4
272,Jacksonville,8-12,315,6-5,162,285,5-1,2-11,1-0,0-2,0-2,0-4,8-4
273,UC Riverside,6-15,145,3-7,236,111,5-3,0-12,1-0,0-4,0-1,1-5,5-5
274,Marist,11-9,357,5-4,306,362,6-3,5-6,0-0,0-0,0-1,2-4,9-4
275,Charleston Southern,5-14,158,1-9,320,112,3-5,2-9,0-0,0-3,0-3,2-2,3-6
276,North Alabama,9-12,296,4-8,269,246,7-3,2-9,0-0,0-2,0-3,1-4,8-3
277,DePaul,3-19,43,3-8,287,96,3-11,0-6,0-2,0-6,0-7,0-4,3-2
278,Georgia State,7-13,278,3-6,231,237,4-3,3-10,0-0,0-3,0-2,0-3,7-5
279,Alcorn State,4-16,186,0-12,300,28,1-2,3-14,0-0,0-4,0-5,0-3,4-4
280,Florida Gulf Coast,7-14,239,3-9,266,154,4-3,2-8,1-3,1-1,0-3,1-2,5-8
281,Pepperdine,7-15,152,5-8,264,146,6-6,1-6,0-3,0-3,0-3,2-5,5-4
282,Arkansas-Pine Bluff,6-11,308,1-8,270,91,2-3,4-8,0-0,0-2,0-2,1-3,5-4
283,Valparaiso,5-17,115,3-7,288,150,4-8,1-9,0-0,0-5,0-2,1-5,4-5
284,Lamar,10-10,351,4-7,307,328,7-1,1-9,2-0,0-0,0-4,1-2,9-4
285,Bucknell,9-14,304,3-10,272,169,4-6,5-8,0-0,0-2,0-1,1-4,8-7
286,Lafayette,8-14,289,0-12,339,97,3-6,5-6,0-2,0-1,0-2,1-6,7-5
287,The Citadel,6-14,235,5-5,197,294,2-5,2-9,2-0,0-0,0-4,1-7,5-3
288,Eastern Illinois,6-13,252,2-7,304,230,2-6,3-7,1-0,0-3,0-1,1-3,5-6
289,UTSA,7-14,224,5-7,327,348,5-6,2-8,0-0,0-2,0-2,2-5,5-5
290,Brown,5-15,169,3-11,318,250,2-6,2-7,1-2,0-2,0-4,2-6,3-3
291,Omaha,8-12,317,3-8,326,311,5-2,2-9,1-1,0-2,0-1,1-3,7-6
292,American,12-10,362,5-7,314,358,7-2,5-8,0-0,0-1,0-2,0-3,12-4
293,Louisiana-Monroe,5-14,187,2-6,244,124,3-5,2-9,0-0,0-2,0-5,1-0,4-7
294,Western Michigan,7-14,260,2-9,345,279,3-6,2-8,2-0,0-2,0-2,1-4,6-6
295,Prairie View,6-13,314,3-8,174,123,2-2,3-11,1-0,0-3,0-2,2-3,4-5
296,Idaho State,7-14,307,3-8,329,337,3-3,4-10,0-1,0-1,0-0,3-6,4-7
297,Elon,8-13,306,5-6,211,260,4-4,2-9,2-0,0-2,0-3,0-4,8-4
298,Cal State Bakersfield,7-13,272,3-6,323,334,5-3,1-9,1-1,0-0,0-3,2-7,5-3
299,Florida International,7-15,207,4-10,303,226,6-4,1-8,0-3,0-1,0-4,1-4,6-6
300,Mount St. Mary's,9-13,344,4-7,311,350,5-3,4-10,0-0,0-2,0-2,0-3,9-6
301,Kansas City,7-14,267,3-9,290,227,5-3,2-8,0-3,0-3,0-1,1-4,6-6
302,Campbell,8-12,321,3-7,355,351,5-4,3-8,0-0,0-2,0-2,1-3,7-5
303,Robert Morris,7-14,294,2-7,286,165,4-5,3-9,0-0,0-2,0-3,0-8,7-1
304,South Carolina Upstate,4-15,203,2-8,271,196,2-4,2-11,0-0,0-1,0-2,2-5,2-7
305,North Carolina A&T,7-16,270,2-11,282,136,4-4,2-9,1-3,0-3,0-4,0-3,7-6
306,Wagner,8-11,359,4-6,256,322,4-2,4-9,0-0,0-2,0-0,2-4,6-5
307,South Carolina State,5-15,248,2-12,312,139,3-4,2-11,0-0,0-2,0-4,0-4,5-5
308,Bellarmine,3-18,163,1-11,259,45,1-5,2-13,0-0,0-2,0-3,1-5,2-8
309,Texas A&M-Commerce,5-14,246,3-7,170,52,3-5,2-9,0-0,0-4,1-1,0-2,4-7
310,Middle Tennessee,6-14,192,4-9,298,194,5-6,0-6,1-2,0-1,0-1,1-9,5-3
311,Old Dominion,5-17,179,3-8,273,138,3-6,1-9,1-2,0-1,0-4,2-4,3-8
312,Bethune-Cookman,8-11,352,3-8,308,292,5-2,3-7,0-2,0-1,0-1,1-3,7-6
313,NJIT,4-15,218,3-8,301,256,2-6,2-9,0-0,0-3,0-1,1-4,3-7
314,Sacred Heart,10-12,355,4-9,321,314,7-3,2-9,1-0,0-2,0-1,0-4,10-5
315,Idaho,6-14,279,4-7,297,293,3-7,2-7,1-0,0-1,0-3,1-3,5-7
316,Delaware State,8-12,348,5-9,278,306,3-4,3-7,2-1,0-2,0-0,0-5,8-5
317,Florida A&M,3-14,222,1-8,158,2,1-4,2-9,0-1,0-5,0-3,0-0,3-6
318,Eastern Michigan,7-13,316,5-5,262,326,5-4,2-8,0-1,0-2,0-1,0-5,7-5
319,Lehigh,5-14,301,1-8,280,108,2-4,3-10,0-0,0-2,0-2,0-3,5-7
320,Presbyterian,7-14,330,5-7,338,361,2-6,4-7,1-1,0-1,0-1,1-6,6-6
321,Little Rock,12-11,361,6-7,349,355,9-4,3-6,0-1,0-0,0-0,0-1,12-10
322,FDU,9-12,358,4-9,315,331,4-5,5-6,0-1,0-2,0-0,0-2,9-8
323,Sacramento State,4-16,204,2-9,305,189,3-4,1-10,0-2,0-1,0-2,2-9,2-4
324,Howard,7-14,345,4-11,316,296,3-3,4-8,0-3,0-0,0-6,1-2,6-6
325,Le Moyne,6-13,346,2-9,348,338,3-2,3-11,0-0,0-0,0-1,2-6,4-6
326,Texas-Rio Grande Valley,4-16,209,2-7,317,265,3-5,1-9,0-2,0-3,0-1,2-2,2-10
327,Dartmouth,3-14,160,2-9,340,241,3-5,0-9,0-0,0-3,0-2,1-3,2-6
328,Boston University,8-14,349,4-8,291,302,4-5,4-9,0-0,0-0,0-2,1-4,7-8
329,Morgan State,4-15,285,1-12,332,129,2-3,2-10,0-2,0-3,0-2,0-3,4-7
330,Georgia Southern,5-18,277,0-12,361,269,3-4,2-11,0-3,0-3,0-3,0-4,5-8
331,Coastal Carolina,4-16,206,1-8,357,271,3-10,1-6,0-0,0-1,0-4,1-5,3-6
332,Buffalo,1-19,130,0-11,330,73,0-9,1-7,0-3,0-3,0-2,1-5,0-9
333,South Dakota,6-14,325,4-8,319,325,3-5,2-8,1-1,0-1,0-1,1-3,5-9
334,Tennessee Tech,4-16,288,2-8,294,186,2-6,2-10,0-0,0-1,0-1,0-6,4-8
335,Southern Indiana,3-17,258,0-10,336,88,1-7,2-10,0-0,0-3,0-0,0-4,3-10
336,William & Mary,6-15,324,3-8,351,342,4-5,2-8,0-2,0-1,0-1,1-5,5-8
337,Pacific,4-18,249,4-9,334,312,3-8,1-10,0-0,0-2,0-1,1-8,3-7
338,Northwestern State,4-16,282,0-11,356,221,3-4,1-10,0-2,0-2,0-2,0-4,4-8
339,Alabama A&M,4-17,300,1-12,325,107,2-4,2-11,0-2,0-3,0-1,0-6,4-7
340,Siena,3-19,228,1-10,344,166,2-8,1-9,0-2,0-1,0-3,0-4,3-11
341,Maryland-Baltimore County,6-16,331,4-10,359,360,4-6,2-10,0-0,0-1,0-3,1-5,5-7
342,Cal Poly,3-19,220,3-8,309,258,2-8,0-10,1-1,0-0,0-2,0-10,3-7
343,Central Arkansas,6-17,338,2-12,360,340,3-7,3-10,0-0,0-1,0-1,1-6,5-9
344,Navy,7-13,356,3-7,343,320,6-3,1-10,0-0,0-0,0-3,0-4,7-6
345,Incarnate Word,5-14,354,3-8,331,343,2-4,3-9,0-1,0-1,0-0,0-3,5-10
346,Saint Francis (PA),5-16,333,3-8,299,273,3-6,2-10,0-0,0-0,0-2,0-4,5-10
347,Lindenwood,5-15,347,3-7,310,323,1-6,2-9,2-0,0-2,0-1,0-2,5-10
348,New Orleans,3-15,299,1-8,295,168,2-3,1-11,0-1,0-0,0-4,0-4,3-7
349,Houston Christian,3-15,309,0-9,342,104,2-4,1-11,0-0,0-4,0-1,0-4,3-6
350,IUPUI,3-18,298,1-7,354,333,1-8,2-8,0-2,0-1,0-1,1-7,2-9
351,Holy Cross,6-16,360,2-10,341,290,2-6,3-9,1-1,0-1,0-1,1-4,5-10
352,Southeast Missouri State,3-16,284,1-8,324,134,3-4,0-11,0-1,0-2,0-0,0-8,3-6
353,Long Island University,5-16,353,1-11,352,276,3-3,1-13,1-0,0-0,0-2,0-4,5-10
354,VMI,1-19,216,0-10,362,282,1-6,0-11,0-2,0-3,0-1,0-6,1-9
355,Stonehill,2-21,257,1-13,322,100,2-5,0-16,0-0,0-2,0-5,0-4,2-10
356,Army,4-17,340,2-9,347,291,2-8,2-9,0-0,0-0,0-1,0-6,4-10
357,Detroit Mercy,0-24,190,0-11,333,77,0-9,0-15,0-0,0-3,0-2,0-9,0-10
358,Mississippi Valley State,0-22,221,0-13,296,24,0-5,0-17,0-0,0-4,0-5,0-5,0-8
359,Loyola (MD),3-19,350,1-11,353,299,0-8,3-10,0-1,0-2,0-1,0-4,3-12
360,Hampton,2-18,320,2-8,350,332,0-7,0-9,2-2,0-0,0-2,0-7,2-9
361,Maryland-Eastern Shore,2-14,334,1-9,346,202,2-3,0-11,0-0,0-0,0-2,0-4,2-8
362,Coppin State,2-18,329,1-13,358,283,2-4,0-13,0-1,0-1,0-2,0-7,2-8
